World Bank - 1 - Doing Business;http://api.worldbank.org/v2/source/1/indicator?per_page=22000;{'dataset_entity_path': 'wb:indicators,[list]wb:indicator', 'dataset_info_location': {'dataset_id': '[attrib]id', 'dataset_name': 'wb:name,[text]', 'dataset_description': 'wb:sourceNote,[text]'}};{'filter_url':'https://api.worldbank.org/v2/country/all?source=1&per_page=22000','filter_id':{'path':'','parse':'cntr'},'filter_desc':{'name':{'path':'','parse':'Country'},'values':{'path':'wb:countries,[list]wb:country','parse':{'value_id':'[attrib]id','value_description':'wb:name,[text]'}}},'filter_seperator':''}
World Bank - 2 - World Development Indicators;http://api.worldbank.org/v2/source/2/indicator?per_page=22000;{'dataset_entity_path': 'wb:indicators,[list]wb:indicator', 'dataset_info_location': {'dataset_id': '[attrib]id', 'dataset_name': 'wb:name,[text]', 'dataset_description': 'wb:sourceNote,[text]'}};{'filter_url':'https://api.worldbank.org/v2/country/all?source=2&per_page=22000','filter_id':{'path':'','parse':'cntr'},'filter_desc':{'name':{'path':'','parse':'Country'},'values':{'path':'wb:countries,[list]wb:country','parse':{'value_id':'[attrib]id','value_description':'wb:name,[text]'}}},'filter_seperator':''}
World Bank - 3 - Worldwide Governance Indicators;http://api.worldbank.org/v2/source/3/indicator?per_page=22000;{'dataset_entity_path': 'wb:indicators,[list]wb:indicator', 'dataset_info_location': {'dataset_id': '[attrib]id', 'dataset_name': 'wb:name,[text]', 'dataset_description': 'wb:sourceNote,[text]'}};{'filter_url':'https://api.worldbank.org/v2/country/all?source=3&per_page=22000','filter_id':{'path':'','parse':'cntr'},'filter_desc':{'name':{'path':'','parse':'Country'},'values':{'path':'wb:countries,[list]wb:country','parse':{'value_id':'[attrib]id','value_description':'wb:name,[text]'}}},'filter_seperator':''}
World Bank - 5 - Subnational Malnutrition Database;http://api.worldbank.org/v2/source/5/indicator?per_page=22000;{'dataset_entity_path': 'wb:indicators,[list]wb:indicator', 'dataset_info_location': {'dataset_id': '[attrib]id', 'dataset_name': 'wb:name,[text]', 'dataset_description': 'wb:sourceNote,[text]'}};{'filter_url':'https://api.worldbank.org/v2/country/all?source=5&per_page=22000','filter_id':{'path':'','parse':'cntr'},'filter_desc':{'name':{'path':'','parse':'Country'},'values':{'path':'wb:countries,[list]wb:country','parse':{'value_id':'[attrib]id','value_description':'wb:name,[text]'}}},'filter_seperator':''}
World Bank - 6 - International Debt Statistics;http://api.worldbank.org/v2/source/6/indicator?per_page=22000;{'dataset_entity_path': 'wb:indicators,[list]wb:indicator', 'dataset_info_location': {'dataset_id': '[attrib]id', 'dataset_name': 'wb:name,[text]', 'dataset_description': 'wb:sourceNote,[text]'}};{'filter_url':'https://api.worldbank.org/v2/country/all?source=6&per_page=22000','filter_id':{'path':'','parse':'cntr'},'filter_desc':{'name':{'path':'','parse':'Country'},'values':{'path':'wb:countries,[list]wb:country','parse':{'value_id':'[attrib]id','value_description':'wb:name,[text]'}}},'filter_seperator':''}
World Bank - 11 - Africa Development Indicators;http://api.worldbank.org/v2/source/11/indicator?per_page=22000;{'dataset_entity_path': 'wb:indicators,[list]wb:indicator', 'dataset_info_location': {'dataset_id': '[attrib]id', 'dataset_name': 'wb:name,[text]', 'dataset_description': 'wb:sourceNote,[text]'}};{'filter_url':'https://api.worldbank.org/v2/country/all?source=11&per_page=22000','filter_id':{'path':'','parse':'cntr'},'filter_desc':{'name':{'path':'','parse':'Country'},'values':{'path':'wb:countries,[list]wb:country','parse':{'value_id':'[attrib]id','value_description':'wb:name,[text]'}}},'filter_seperator':''}
World Bank - 12 - Education Statistics;http://api.worldbank.org/v2/source/12/indicator?per_page=22000;{'dataset_entity_path': 'wb:indicators,[list]wb:indicator', 'dataset_info_location': {'dataset_id': '[attrib]id', 'dataset_name': 'wb:name,[text]', 'dataset_description': 'wb:sourceNote,[text]'}};{'filter_url':'https://api.worldbank.org/v2/country/all?source=12&per_page=22000','filter_id':{'path':'','parse':'cntr'},'filter_desc':{'name':{'path':'','parse':'Country'},'values':{'path':'wb:countries,[list]wb:country','parse':{'value_id':'[attrib]id','value_description':'wb:name,[text]'}}},'filter_seperator':''}
World Bank - 13 - Enterprise Surveys;http://api.worldbank.org/v2/source/13/indicator?per_page=22000;{'dataset_entity_path': 'wb:indicators,[list]wb:indicator', 'dataset_info_location': {'dataset_id': '[attrib]id', 'dataset_name': 'wb:name,[text]', 'dataset_description': 'wb:sourceNote,[text]'}};{'filter_url':'https://api.worldbank.org/v2/country/all?source=13&per_page=22000','filter_id':{'path':'','parse':'cntr'},'filter_desc':{'name':{'path':'','parse':'Country'},'values':{'path':'wb:countries,[list]wb:country','parse':{'value_id':'[attrib]id','value_description':'wb:name,[text]'}}},'filter_seperator':''}
World Bank - 14 - Gender Statistics;http://api.worldbank.org/v2/source/14/indicator?per_page=22000;{'dataset_entity_path': 'wb:indicators,[list]wb:indicator', 'dataset_info_location': {'dataset_id': '[attrib]id', 'dataset_name': 'wb:name,[text]', 'dataset_description': 'wb:sourceNote,[text]'}};{'filter_url':'https://api.worldbank.org/v2/country/all?source=14&per_page=22000','filter_id':{'path':'','parse':'cntr'},'filter_desc':{'name':{'path':'','parse':'Country'},'values':{'path':'wb:countries,[list]wb:country','parse':{'value_id':'[attrib]id','value_description':'wb:name,[text]'}}},'filter_seperator':''}
World Bank - 15 - Global Economic Monitor;http://api.worldbank.org/v2/source/15/indicator?per_page=22000;{'dataset_entity_path': 'wb:indicators,[list]wb:indicator', 'dataset_info_location': {'dataset_id': '[attrib]id', 'dataset_name': 'wb:name,[text]', 'dataset_description': 'wb:sourceNote,[text]'}};{'filter_url':'https://api.worldbank.org/v2/country/all?source=15&per_page=22000','filter_id':{'path':'','parse':'cntr'},'filter_desc':{'name':{'path':'','parse':'Country'},'values':{'path':'wb:countries,[list]wb:country','parse':{'value_id':'[attrib]id','value_description':'wb:name,[text]'}}},'filter_seperator':''}
World Bank - 16 - Health Nutrition and Population Statistics;http://api.worldbank.org/v2/source/16/indicator?per_page=22000;{'dataset_entity_path': 'wb:indicators,[list]wb:indicator', 'dataset_info_location': {'dataset_id': '[attrib]id', 'dataset_name': 'wb:name,[text]', 'dataset_description': 'wb:sourceNote,[text]'}};{'filter_url':'https://api.worldbank.org/v2/country/all?source=16&per_page=22000','filter_id':{'path':'','parse':'cntr'},'filter_desc':{'name':{'path':'','parse':'Country'},'values':{'path':'wb:countries,[list]wb:country','parse':{'value_id':'[attrib]id','value_description':'wb:name,[text]'}}},'filter_seperator':''}
World Bank - 18 - IDA Results Measurement System;http://api.worldbank.org/v2/source/18/indicator?per_page=22000;{'dataset_entity_path': 'wb:indicators,[list]wb:indicator', 'dataset_info_location': {'dataset_id': '[attrib]id', 'dataset_name': 'wb:name,[text]', 'dataset_description': 'wb:sourceNote,[text]'}};{'filter_url':'https://api.worldbank.org/v2/country/all?source=18&per_page=22000','filter_id':{'path':'','parse':'cntr'},'filter_desc':{'name':{'path':'','parse':'Country'},'values':{'path':'wb:countries,[list]wb:country','parse':{'value_id':'[attrib]id','value_description':'wb:name,[text]'}}},'filter_seperator':''}
World Bank - 19 - Millennium Development Goals;http://api.worldbank.org/v2/source/19/indicator?per_page=22000;{'dataset_entity_path': 'wb:indicators,[list]wb:indicator', 'dataset_info_location': {'dataset_id': '[attrib]id', 'dataset_name': 'wb:name,[text]', 'dataset_description': 'wb:sourceNote,[text]'}};{'filter_url':'https://api.worldbank.org/v2/country/all?source=19&per_page=22000','filter_id':{'path':'','parse':'cntr'},'filter_desc':{'name':{'path':'','parse':'Country'},'values':{'path':'wb:countries,[list]wb:country','parse':{'value_id':'[attrib]id','value_description':'wb:name,[text]'}}},'filter_seperator':''}
World Bank - 20 - Quarterly Public Sector Debt;http://api.worldbank.org/v2/source/20/indicator?per_page=22000;{'dataset_entity_path': 'wb:indicators,[list]wb:indicator', 'dataset_info_location': {'dataset_id': '[attrib]id', 'dataset_name': 'wb:name,[text]', 'dataset_description': 'wb:sourceNote,[text]'}};{'filter_url':'https://api.worldbank.org/v2/country/all?source=20&per_page=22000','filter_id':{'path':'','parse':'cntr'},'filter_desc':{'name':{'path':'','parse':'Country'},'values':{'path':'wb:countries,[list]wb:country','parse':{'value_id':'[attrib]id','value_description':'wb:name,[text]'}}},'filter_seperator':''}
World Bank - 22 - Quarterly External Debt Statistics SDDS;http://api.worldbank.org/v2/source/22/indicator?per_page=22000;{'dataset_entity_path': 'wb:indicators,[list]wb:indicator', 'dataset_info_location': {'dataset_id': '[attrib]id', 'dataset_name': 'wb:name,[text]', 'dataset_description': 'wb:sourceNote,[text]'}};{'filter_url':'https://api.worldbank.org/v2/country/all?source=22&per_page=22000','filter_id':{'path':'','parse':'cntr'},'filter_desc':{'name':{'path':'','parse':'Country'},'values':{'path':'wb:countries,[list]wb:country','parse':{'value_id':'[attrib]id','value_description':'wb:name,[text]'}}},'filter_seperator':''}
World Bank - 23 - Quarterly External Debt Statistics GDDS;http://api.worldbank.org/v2/source/23/indicator?per_page=22000;{'dataset_entity_path': 'wb:indicators,[list]wb:indicator', 'dataset_info_location': {'dataset_id': '[attrib]id', 'dataset_name': 'wb:name,[text]', 'dataset_description': 'wb:sourceNote,[text]'}};{'filter_url':'https://api.worldbank.org/v2/country/all?source=23&per_page=22000','filter_id':{'path':'','parse':'cntr'},'filter_desc':{'name':{'path':'','parse':'Country'},'values':{'path':'wb:countries,[list]wb:country','parse':{'value_id':'[attrib]id','value_description':'wb:name,[text]'}}},'filter_seperator':''}
World Bank - 25 - Jobs;http://api.worldbank.org/v2/source/25/indicator?per_page=22000;{'dataset_entity_path': 'wb:indicators,[list]wb:indicator', 'dataset_info_location': {'dataset_id': '[attrib]id', 'dataset_name': 'wb:name,[text]', 'dataset_description': 'wb:sourceNote,[text]'}};{'filter_url':'https://api.worldbank.org/v2/country/all?source=25&per_page=22000','filter_id':{'path':'','parse':'cntr'},'filter_desc':{'name':{'path':'','parse':'Country'},'values':{'path':'wb:countries,[list]wb:country','parse':{'value_id':'[attrib]id','value_description':'wb:name,[text]'}}},'filter_seperator':''}
World Bank - 27 - Global Economic Prospects;http://api.worldbank.org/v2/source/27/indicator?per_page=22000;{'dataset_entity_path': 'wb:indicators,[list]wb:indicator', 'dataset_info_location': {'dataset_id': '[attrib]id', 'dataset_name': 'wb:name,[text]', 'dataset_description': 'wb:sourceNote,[text]'}};{'filter_url':'https://api.worldbank.org/v2/country/all?source=27&per_page=22000','filter_id':{'path':'','parse':'cntr'},'filter_desc':{'name':{'path':'','parse':'Country'},'values':{'path':'wb:countries,[list]wb:country','parse':{'value_id':'[attrib]id','value_description':'wb:name,[text]'}}},'filter_seperator':''}
World Bank - 28 - Global Financial Inclusion;http://api.worldbank.org/v2/source/28/indicator?per_page=22000;{'dataset_entity_path': 'wb:indicators,[list]wb:indicator', 'dataset_info_location': {'dataset_id': '[attrib]id', 'dataset_name': 'wb:name,[text]', 'dataset_description': 'wb:sourceNote,[text]'}};{'filter_url':'https://api.worldbank.org/v2/country/all?source=28&per_page=22000','filter_id':{'path':'','parse':'cntr'},'filter_desc':{'name':{'path':'','parse':'Country'},'values':{'path':'wb:countries,[list]wb:country','parse':{'value_id':'[attrib]id','value_description':'wb:name,[text]'}}},'filter_seperator':''}
World Bank - 29 - The Atlas of Social Protection: Indicators of Resilience and Equity;http://api.worldbank.org/v2/source/29/indicator?per_page=22000;{'dataset_entity_path': 'wb:indicators,[list]wb:indicator', 'dataset_info_location': {'dataset_id': '[attrib]id', 'dataset_name': 'wb:name,[text]', 'dataset_description': 'wb:sourceNote,[text]'}};{'filter_url':'https://api.worldbank.org/v2/country/all?source=29&per_page=22000','filter_id':{'path':'','parse':'cntr'},'filter_desc':{'name':{'path':'','parse':'Country'},'values':{'path':'wb:countries,[list]wb:country','parse':{'value_id':'[attrib]id','value_description':'wb:name,[text]'}}},'filter_seperator':''}
World Bank - 30 - Exporter Dynamics Database – Indicators at Country-Year Level;http://api.worldbank.org/v2/source/30/indicator?per_page=22000;{'dataset_entity_path': 'wb:indicators,[list]wb:indicator', 'dataset_info_location': {'dataset_id': '[attrib]id', 'dataset_name': 'wb:name,[text]', 'dataset_description': 'wb:sourceNote,[text]'}};{'filter_url':'https://api.worldbank.org/v2/country/all?source=30&per_page=22000','filter_id':{'path':'','parse':'cntr'},'filter_desc':{'name':{'path':'','parse':'Country'},'values':{'path':'wb:countries,[list]wb:country','parse':{'value_id':'[attrib]id','value_description':'wb:name,[text]'}}},'filter_seperator':''}
World Bank - 31 - Country Policy and Institutional Assessment;http://api.worldbank.org/v2/source/31/indicator?per_page=22000;{'dataset_entity_path': 'wb:indicators,[list]wb:indicator', 'dataset_info_location': {'dataset_id': '[attrib]id', 'dataset_name': 'wb:name,[text]', 'dataset_description': 'wb:sourceNote,[text]'}};{'filter_url':'https://api.worldbank.org/v2/country/all?source=31&per_page=22000','filter_id':{'path':'','parse':'cntr'},'filter_desc':{'name':{'path':'','parse':'Country'},'values':{'path':'wb:countries,[list]wb:country','parse':{'value_id':'[attrib]id','value_description':'wb:name,[text]'}}},'filter_seperator':''}
World Bank - 32 - Global Financial Development;http://api.worldbank.org/v2/source/32/indicator?per_page=22000;{'dataset_entity_path': 'wb:indicators,[list]wb:indicator', 'dataset_info_location': {'dataset_id': '[attrib]id', 'dataset_name': 'wb:name,[text]', 'dataset_description': 'wb:sourceNote,[text]'}};{'filter_url':'https://api.worldbank.org/v2/country/all?source=32&per_page=22000','filter_id':{'path':'','parse':'cntr'},'filter_desc':{'name':{'path':'','parse':'Country'},'values':{'path':'wb:countries,[list]wb:country','parse':{'value_id':'[attrib]id','value_description':'wb:name,[text]'}}},'filter_seperator':''}
World Bank - 33 - G20 Financial Inclusion Indicators;http://api.worldbank.org/v2/source/33/indicator?per_page=22000;{'dataset_entity_path': 'wb:indicators,[list]wb:indicator', 'dataset_info_location': {'dataset_id': '[attrib]id', 'dataset_name': 'wb:name,[text]', 'dataset_description': 'wb:sourceNote,[text]'}};{'filter_url':'https://api.worldbank.org/v2/country/all?source=33&per_page=22000','filter_id':{'path':'','parse':'cntr'},'filter_desc':{'name':{'path':'','parse':'Country'},'values':{'path':'wb:countries,[list]wb:country','parse':{'value_id':'[attrib]id','value_description':'wb:name,[text]'}}},'filter_seperator':''}
World Bank - 34 - Global Partnership for Education;http://api.worldbank.org/v2/source/34/indicator?per_page=22000;{'dataset_entity_path': 'wb:indicators,[list]wb:indicator', 'dataset_info_location': {'dataset_id': '[attrib]id', 'dataset_name': 'wb:name,[text]', 'dataset_description': 'wb:sourceNote,[text]'}};{'filter_url':'https://api.worldbank.org/v2/country/all?source=34&per_page=22000','filter_id':{'path':'','parse':'cntr'},'filter_desc':{'name':{'path':'','parse':'Country'},'values':{'path':'wb:countries,[list]wb:country','parse':{'value_id':'[attrib]id','value_description':'wb:name,[text]'}}},'filter_seperator':''}
World Bank - 35 - Sustainable Energy for All;http://api.worldbank.org/v2/source/35/indicator?per_page=22000;{'dataset_entity_path': 'wb:indicators,[list]wb:indicator', 'dataset_info_location': {'dataset_id': '[attrib]id', 'dataset_name': 'wb:name,[text]', 'dataset_description': 'wb:sourceNote,[text]'}};{'filter_url':'https://api.worldbank.org/v2/country/all?source=35&per_page=22000','filter_id':{'path':'','parse':'cntr'},'filter_desc':{'name':{'path':'','parse':'Country'},'values':{'path':'wb:countries,[list]wb:country','parse':{'value_id':'[attrib]id','value_description':'wb:name,[text]'}}},'filter_seperator':''}
World Bank - 36 - Statistical Capacity Indicators;http://api.worldbank.org/v2/source/36/indicator?per_page=22000;{'dataset_entity_path': 'wb:indicators,[list]wb:indicator', 'dataset_info_location': {'dataset_id': '[attrib]id', 'dataset_name': 'wb:name,[text]', 'dataset_description': 'wb:sourceNote,[text]'}};{'filter_url':'https://api.worldbank.org/v2/country/all?source=36&per_page=22000','filter_id':{'path':'','parse':'cntr'},'filter_desc':{'name':{'path':'','parse':'Country'},'values':{'path':'wb:countries,[list]wb:country','parse':{'value_id':'[attrib]id','value_description':'wb:name,[text]'}}},'filter_seperator':''}
World Bank - 37 - LAC Equity Lab;http://api.worldbank.org/v2/source/37/indicator?per_page=22000;{'dataset_entity_path': 'wb:indicators,[list]wb:indicator', 'dataset_info_location': {'dataset_id': '[attrib]id', 'dataset_name': 'wb:name,[text]', 'dataset_description': 'wb:sourceNote,[text]'}};{'filter_url':'https://api.worldbank.org/v2/country/all?source=37&per_page=22000','filter_id':{'path':'','parse':'cntr'},'filter_desc':{'name':{'path':'','parse':'Country'},'values':{'path':'wb:countries,[list]wb:country','parse':{'value_id':'[attrib]id','value_description':'wb:name,[text]'}}},'filter_seperator':''}
World Bank - 38 - Subnational Poverty;http://api.worldbank.org/v2/source/38/indicator?per_page=22000;{'dataset_entity_path': 'wb:indicators,[list]wb:indicator', 'dataset_info_location': {'dataset_id': '[attrib]id', 'dataset_name': 'wb:name,[text]', 'dataset_description': 'wb:sourceNote,[text]'}};{'filter_url':'https://api.worldbank.org/v2/country/all?source=38&per_page=22000','filter_id':{'path':'','parse':'cntr'},'filter_desc':{'name':{'path':'','parse':'Country'},'values':{'path':'wb:countries,[list]wb:country','parse':{'value_id':'[attrib]id','value_description':'wb:name,[text]'}}},'filter_seperator':''}
World Bank - 39 - Health Nutrition and Population Statistics by Wealth Quintile;http://api.worldbank.org/v2/source/39/indicator?per_page=22000;{'dataset_entity_path': 'wb:indicators,[list]wb:indicator', 'dataset_info_location': {'dataset_id': '[attrib]id', 'dataset_name': 'wb:name,[text]', 'dataset_description': 'wb:sourceNote,[text]'}};{'filter_url':'https://api.worldbank.org/v2/country/all?source=39&per_page=22000','filter_id':{'path':'','parse':'cntr'},'filter_desc':{'name':{'path':'','parse':'Country'},'values':{'path':'wb:countries,[list]wb:country','parse':{'value_id':'[attrib]id','value_description':'wb:name,[text]'}}},'filter_seperator':''}
World Bank - 40 - Population estimates and projections;http://api.worldbank.org/v2/source/40/indicator?per_page=22000;{'dataset_entity_path': 'wb:indicators,[list]wb:indicator', 'dataset_info_location': {'dataset_id': '[attrib]id', 'dataset_name': 'wb:name,[text]', 'dataset_description': 'wb:sourceNote,[text]'}};{'filter_url':'https://api.worldbank.org/v2/country/all?source=40&per_page=22000','filter_id':{'path':'','parse':'cntr'},'filter_desc':{'name':{'path':'','parse':'Country'},'values':{'path':'wb:countries,[list]wb:country','parse':{'value_id':'[attrib]id','value_description':'wb:name,[text]'}}},'filter_seperator':''}
World Bank - 41 - Country Partnership Strategy for India (FY2013 - 17);http://api.worldbank.org/v2/source/41/indicator?per_page=22000;{'dataset_entity_path': 'wb:indicators,[list]wb:indicator', 'dataset_info_location': {'dataset_id': '[attrib]id', 'dataset_name': 'wb:name,[text]', 'dataset_description': 'wb:sourceNote,[text]'}};{'filter_url':'https://api.worldbank.org/v2/country/all?source=41&per_page=22000','filter_id':{'path':'','parse':'cntr'},'filter_desc':{'name':{'path':'','parse':'Country'},'values':{'path':'wb:countries,[list]wb:country','parse':{'value_id':'[attrib]id','value_description':'wb:name,[text]'}}},'filter_seperator':''}
World Bank - 43 - Adjusted Net Savings;http://api.worldbank.org/v2/source/43/indicator?per_page=22000;{'dataset_entity_path': 'wb:indicators,[list]wb:indicator', 'dataset_info_location': {'dataset_id': '[attrib]id', 'dataset_name': 'wb:name,[text]', 'dataset_description': 'wb:sourceNote,[text]'}};{'filter_url':'https://api.worldbank.org/v2/country/all?source=43&per_page=22000','filter_id':{'path':'','parse':'cntr'},'filter_desc':{'name':{'path':'','parse':'Country'},'values':{'path':'wb:countries,[list]wb:country','parse':{'value_id':'[attrib]id','value_description':'wb:name,[text]'}}},'filter_seperator':''}
World Bank - 45 - Indonesia Database for Policy and Economic Research;http://api.worldbank.org/v2/source/45/indicator?per_page=22000;{'dataset_entity_path': 'wb:indicators,[list]wb:indicator', 'dataset_info_location': {'dataset_id': '[attrib]id', 'dataset_name': 'wb:name,[text]', 'dataset_description': 'wb:sourceNote,[text]'}};{'filter_url':'https://api.worldbank.org/v2/country/all?source=45&per_page=22000','filter_id':{'path':'','parse':'cntr'},'filter_desc':{'name':{'path':'','parse':'Country'},'values':{'path':'wb:countries,[list]wb:country','parse':{'value_id':'[attrib]id','value_description':'wb:name,[text]'}}},'filter_seperator':''}
World Bank - 46 - Sustainable Development Goals;http://api.worldbank.org/v2/source/46/indicator?per_page=22000;{'dataset_entity_path': 'wb:indicators,[list]wb:indicator', 'dataset_info_location': {'dataset_id': '[attrib]id', 'dataset_name': 'wb:name,[text]', 'dataset_description': 'wb:sourceNote,[text]'}};{'filter_url':'https://api.worldbank.org/v2/country/all?source=46&per_page=22000','filter_id':{'path':'','parse':'cntr'},'filter_desc':{'name':{'path':'','parse':'Country'},'values':{'path':'wb:countries,[list]wb:country','parse':{'value_id':'[attrib]id','value_description':'wb:name,[text]'}}},'filter_seperator':''}
World Bank - 50 - Subnational Population;http://api.worldbank.org/v2/source/50/indicator?per_page=22000;{'dataset_entity_path': 'wb:indicators,[list]wb:indicator', 'dataset_info_location': {'dataset_id': '[attrib]id', 'dataset_name': 'wb:name,[text]', 'dataset_description': 'wb:sourceNote,[text]'}};{'filter_url':'https://api.worldbank.org/v2/country/all?source=50&per_page=22000','filter_id':{'path':'','parse':'cntr'},'filter_desc':{'name':{'path':'','parse':'Country'},'values':{'path':'wb:countries,[list]wb:country','parse':{'value_id':'[attrib]id','value_description':'wb:name,[text]'}}},'filter_seperator':''}
World Bank - 54 - Joint External Debt Hub;http://api.worldbank.org/v2/source/54/indicator?per_page=22000;{'dataset_entity_path': 'wb:indicators,[list]wb:indicator', 'dataset_info_location': {'dataset_id': '[attrib]id', 'dataset_name': 'wb:name,[text]', 'dataset_description': 'wb:sourceNote,[text]'}};{'filter_url':'https://api.worldbank.org/v2/country/all?source=54&per_page=22000','filter_id':{'path':'','parse':'cntr'},'filter_desc':{'name':{'path':'','parse':'Country'},'values':{'path':'wb:countries,[list]wb:country','parse':{'value_id':'[attrib]id','value_description':'wb:name,[text]'}}},'filter_seperator':''}
World Bank - 57 - WDI Database Archives;http://api.worldbank.org/v2/source/57/indicator?per_page=22000;{'dataset_entity_path': 'wb:indicators,[list]wb:indicator', 'dataset_info_location': {'dataset_id': '[attrib]id', 'dataset_name': 'wb:name,[text]', 'dataset_description': 'wb:sourceNote,[text]'}};{'filter_url':'https://api.worldbank.org/v2/country/all?source=57&per_page=22000','filter_id':{'path':'','parse':'cntr'},'filter_desc':{'name':{'path':'','parse':'Country'},'values':{'path':'wb:countries,[list]wb:country','parse':{'value_id':'[attrib]id','value_description':'wb:name,[text]'}}},'filter_seperator':''}
World Bank - 58 - Universal Health Coverage;http://api.worldbank.org/v2/source/58/indicator?per_page=22000;{'dataset_entity_path': 'wb:indicators,[list]wb:indicator', 'dataset_info_location': {'dataset_id': '[attrib]id', 'dataset_name': 'wb:name,[text]', 'dataset_description': 'wb:sourceNote,[text]'}};{'filter_url':'https://api.worldbank.org/v2/country/all?source=58&per_page=22000','filter_id':{'path':'','parse':'cntr'},'filter_desc':{'name':{'path':'','parse':'Country'},'values':{'path':'wb:countries,[list]wb:country','parse':{'value_id':'[attrib]id','value_description':'wb:name,[text]'}}},'filter_seperator':''}
World Bank - 59 - Wealth Accounts;http://api.worldbank.org/v2/source/59/indicator?per_page=22000;{'dataset_entity_path': 'wb:indicators,[list]wb:indicator', 'dataset_info_location': {'dataset_id': '[attrib]id', 'dataset_name': 'wb:name,[text]', 'dataset_description': 'wb:sourceNote,[text]'}};{'filter_url':'https://api.worldbank.org/v2/country/all?source=59&per_page=22000','filter_id':{'path':'','parse':'cntr'},'filter_desc':{'name':{'path':'','parse':'Country'},'values':{'path':'wb:countries,[list]wb:country','parse':{'value_id':'[attrib]id','value_description':'wb:name,[text]'}}},'filter_seperator':''}
World Bank - 60 - Economic Fitness;http://api.worldbank.org/v2/source/60/indicator?per_page=22000;{'dataset_entity_path': 'wb:indicators,[list]wb:indicator', 'dataset_info_location': {'dataset_id': '[attrib]id', 'dataset_name': 'wb:name,[text]', 'dataset_description': 'wb:sourceNote,[text]'}};{'filter_url':'https://api.worldbank.org/v2/country/all?source=60&per_page=22000','filter_id':{'path':'','parse':'cntr'},'filter_desc':{'name':{'path':'','parse':'Country'},'values':{'path':'wb:countries,[list]wb:country','parse':{'value_id':'[attrib]id','value_description':'wb:name,[text]'}}},'filter_seperator':''}
World Bank - 61 - PPPs Regulatory Quality;http://api.worldbank.org/v2/source/61/indicator?per_page=22000;{'dataset_entity_path': 'wb:indicators,[list]wb:indicator', 'dataset_info_location': {'dataset_id': '[attrib]id', 'dataset_name': 'wb:name,[text]', 'dataset_description': 'wb:sourceNote,[text]'}};{'filter_url':'https://api.worldbank.org/v2/country/all?source=61&per_page=22000','filter_id':{'path':'','parse':'cntr'},'filter_desc':{'name':{'path':'','parse':'Country'},'values':{'path':'wb:countries,[list]wb:country','parse':{'value_id':'[attrib]id','value_description':'wb:name,[text]'}}},'filter_seperator':''}
World Bank - 62 - International Comparison Program (ICP) 2011;http://api.worldbank.org/v2/source/62/indicator?per_page=22000;{'dataset_entity_path': 'wb:indicators,[list]wb:indicator', 'dataset_info_location': {'dataset_id': '[attrib]id', 'dataset_name': 'wb:name,[text]', 'dataset_description': 'wb:sourceNote,[text]'}};{'filter_url':'https://api.worldbank.org/v2/country/all?source=62&per_page=22000','filter_id':{'path':'','parse':'cntr'},'filter_desc':{'name':{'path':'','parse':'Country'},'values':{'path':'wb:countries,[list]wb:country','parse':{'value_id':'[attrib]id','value_description':'wb:name,[text]'}}},'filter_seperator':''}
World Bank - 63 - Human Capital Index;http://api.worldbank.org/v2/source/63/indicator?per_page=22000;{'dataset_entity_path': 'wb:indicators,[list]wb:indicator', 'dataset_info_location': {'dataset_id': '[attrib]id', 'dataset_name': 'wb:name,[text]', 'dataset_description': 'wb:sourceNote,[text]'}};{'filter_url':'https://api.worldbank.org/v2/country/all?source=63&per_page=22000','filter_id':{'path':'','parse':'cntr'},'filter_desc':{'name':{'path':'','parse':'Country'},'values':{'path':'wb:countries,[list]wb:country','parse':{'value_id':'[attrib]id','value_description':'wb:name,[text]'}}},'filter_seperator':''}
World Bank - 64 - Worldwide Bureaucracy Indicators;http://api.worldbank.org/v2/source/64/indicator?per_page=22000;{'dataset_entity_path': 'wb:indicators,[list]wb:indicator', 'dataset_info_location': {'dataset_id': '[attrib]id', 'dataset_name': 'wb:name,[text]', 'dataset_description': 'wb:sourceNote,[text]'}};{'filter_url':'https://api.worldbank.org/v2/country/all?source=64&per_page=22000','filter_id':{'path':'','parse':'cntr'},'filter_desc':{'name':{'path':'','parse':'Country'},'values':{'path':'wb:countries,[list]wb:country','parse':{'value_id':'[attrib]id','value_description':'wb:name,[text]'}}},'filter_seperator':''}
World Bank - 65 - Health Equity and Financial Protection Indicators;http://api.worldbank.org/v2/source/65/indicator?per_page=22000;{'dataset_entity_path': 'wb:indicators,[list]wb:indicator', 'dataset_info_location': {'dataset_id': '[attrib]id', 'dataset_name': 'wb:name,[text]', 'dataset_description': 'wb:sourceNote,[text]'}};{'filter_url':'https://api.worldbank.org/v2/country/all?source=65&per_page=22000','filter_id':{'path':'','parse':'cntr'},'filter_desc':{'name':{'path':'','parse':'Country'},'values':{'path':'wb:countries,[list]wb:country','parse':{'value_id':'[attrib]id','value_description':'wb:name,[text]'}}},'filter_seperator':''}
World Bank - 66 - Logistics Performance Index;http://api.worldbank.org/v2/source/66/indicator?per_page=22000;{'dataset_entity_path': 'wb:indicators,[list]wb:indicator', 'dataset_info_location': {'dataset_id': '[attrib]id', 'dataset_name': 'wb:name,[text]', 'dataset_description': 'wb:sourceNote,[text]'}};{'filter_url':'https://api.worldbank.org/v2/country/all?source=66&per_page=22000','filter_id':{'path':'','parse':'cntr'},'filter_desc':{'name':{'path':'','parse':'Country'},'values':{'path':'wb:countries,[list]wb:country','parse':{'value_id':'[attrib]id','value_description':'wb:name,[text]'}}},'filter_seperator':''}
World Bank - 67 - PEFA 2011;http://api.worldbank.org/v2/source/67/indicator?per_page=22000;{'dataset_entity_path': 'wb:indicators,[list]wb:indicator', 'dataset_info_location': {'dataset_id': '[attrib]id', 'dataset_name': 'wb:name,[text]', 'dataset_description': 'wb:sourceNote,[text]'}};{'filter_url':'https://api.worldbank.org/v2/country/all?source=67&per_page=22000','filter_id':{'path':'','parse':'cntr'},'filter_desc':{'name':{'path':'','parse':'Country'},'values':{'path':'wb:countries,[list]wb:country','parse':{'value_id':'[attrib]id','value_description':'wb:name,[text]'}}},'filter_seperator':''}
World Bank - 68 - PEFA 2016;http://api.worldbank.org/v2/source/68/indicator?per_page=22000;{'dataset_entity_path': 'wb:indicators,[list]wb:indicator', 'dataset_info_location': {'dataset_id': '[attrib]id', 'dataset_name': 'wb:name,[text]', 'dataset_description': 'wb:sourceNote,[text]'}};{'filter_url':'https://api.worldbank.org/v2/country/all?source=68&per_page=22000','filter_id':{'path':'','parse':'cntr'},'filter_desc':{'name':{'path':'','parse':'Country'},'values':{'path':'wb:countries,[list]wb:country','parse':{'value_id':'[attrib]id','value_description':'wb:name,[text]'}}},'filter_seperator':''}
World Bank - 69 - Global Financial Inclusion and Consumer Protection Survey;http://api.worldbank.org/v2/source/69/indicator?per_page=22000;{'dataset_entity_path': 'wb:indicators,[list]wb:indicator', 'dataset_info_location': {'dataset_id': '[attrib]id', 'dataset_name': 'wb:name,[text]', 'dataset_description': 'wb:sourceNote,[text]'}};{'filter_url':'https://api.worldbank.org/v2/country/all?source=69&per_page=22000','filter_id':{'path':'','parse':'cntr'},'filter_desc':{'name':{'path':'','parse':'Country'},'values':{'path':'wb:countries,[list]wb:country','parse':{'value_id':'[attrib]id','value_description':'wb:name,[text]'}}},'filter_seperator':''}
World Bank - 70 - Economic Fitness 2;http://api.worldbank.org/v2/source/70/indicator?per_page=22000;{'dataset_entity_path': 'wb:indicators,[list]wb:indicator', 'dataset_info_location': {'dataset_id': '[attrib]id', 'dataset_name': 'wb:name,[text]', 'dataset_description': 'wb:sourceNote,[text]'}};{'filter_url':'https://api.worldbank.org/v2/country/all?source=70&per_page=22000','filter_id':{'path':'','parse':'cntr'},'filter_desc':{'name':{'path':'','parse':'Country'},'values':{'path':'wb:countries,[list]wb:country','parse':{'value_id':'[attrib]id','value_description':'wb:name,[text]'}}},'filter_seperator':''}
World Bank - 71 - International Comparison Program (ICP) 2005;http://api.worldbank.org/v2/source/71/indicator?per_page=22000;{'dataset_entity_path': 'wb:indicators,[list]wb:indicator', 'dataset_info_location': {'dataset_id': '[attrib]id', 'dataset_name': 'wb:name,[text]', 'dataset_description': 'wb:sourceNote,[text]'}};{'filter_url':'https://api.worldbank.org/v2/country/all?source=71&per_page=22000','filter_id':{'path':'','parse':'cntr'},'filter_desc':{'name':{'path':'','parse':'Country'},'values':{'path':'wb:countries,[list]wb:country','parse':{'value_id':'[attrib]id','value_description':'wb:name,[text]'}}},'filter_seperator':''}
World Bank - 73 - Global Financial Inclusion and Consumer Protection Survey (Internal);http://api.worldbank.org/v2/source/73/indicator?per_page=22000;{'dataset_entity_path': 'wb:indicators,[list]wb:indicator', 'dataset_info_location': {'dataset_id': '[attrib]id', 'dataset_name': 'wb:name,[text]', 'dataset_description': 'wb:sourceNote,[text]'}};{'filter_url':'https://api.worldbank.org/v2/country/all?source=73&per_page=22000','filter_id':{'path':'','parse':'cntr'},'filter_desc':{'name':{'path':'','parse':'Country'},'values':{'path':'wb:countries,[list]wb:country','parse':{'value_id':'[attrib]id','value_description':'wb:name,[text]'}}},'filter_seperator':''}
World Bank - 75 - Environment, Social and Governance (ESG) Data;http://api.worldbank.org/v2/source/75/indicator?per_page=22000;{'dataset_entity_path': 'wb:indicators,[list]wb:indicator', 'dataset_info_location': {'dataset_id': '[attrib]id', 'dataset_name': 'wb:name,[text]', 'dataset_description': 'wb:sourceNote,[text]'}};{'filter_url':'https://api.worldbank.org/v2/country/all?source=75&per_page=22000','filter_id':{'path':'','parse':'cntr'},'filter_desc':{'name':{'path':'','parse':'Country'},'values':{'path':'wb:countries,[list]wb:country','parse':{'value_id':'[attrib]id','value_description':'wb:name,[text]'}}},'filter_seperator':''}
World Bank - 76 - Remittance Prices Worldwide (Sending Countries);http://api.worldbank.org/v2/source/76/indicator?per_page=22000;{'dataset_entity_path': 'wb:indicators,[list]wb:indicator', 'dataset_info_location': {'dataset_id': '[attrib]id', 'dataset_name': 'wb:name,[text]', 'dataset_description': 'wb:sourceNote,[text]'}};{'filter_url':'https://api.worldbank.org/v2/country/all?source=76&per_page=22000','filter_id':{'path':'','parse':'cntr'},'filter_desc':{'name':{'path':'','parse':'Country'},'values':{'path':'wb:countries,[list]wb:country','parse':{'value_id':'[attrib]id','value_description':'wb:name,[text]'}}},'filter_seperator':''}
World Bank - 77 - Remittance Prices Worldwide (Receiving Countries);http://api.worldbank.org/v2/source/77/indicator?per_page=22000;{'dataset_entity_path': 'wb:indicators,[list]wb:indicator', 'dataset_info_location': {'dataset_id': '[attrib]id', 'dataset_name': 'wb:name,[text]', 'dataset_description': 'wb:sourceNote,[text]'}};{'filter_url':'https://api.worldbank.org/v2/country/all?source=77&per_page=22000','filter_id':{'path':'','parse':'cntr'},'filter_desc':{'name':{'path':'','parse':'Country'},'values':{'path':'wb:countries,[list]wb:country','parse':{'value_id':'[attrib]id','value_description':'wb:name,[text]'}}},'filter_seperator':''}
World Bank - 78 - ICP 2017;http://api.worldbank.org/v2/source/78/indicator?per_page=22000;{'dataset_entity_path': 'wb:indicators,[list]wb:indicator', 'dataset_info_location': {'dataset_id': '[attrib]id', 'dataset_name': 'wb:name,[text]', 'dataset_description': 'wb:sourceNote,[text]'}};{'filter_url':'https://api.worldbank.org/v2/country/all?source=78&per_page=22000','filter_id':{'path':'','parse':'cntr'},'filter_desc':{'name':{'path':'','parse':'Country'},'values':{'path':'wb:countries,[list]wb:country','parse':{'value_id':'[attrib]id','value_description':'wb:name,[text]'}}},'filter_seperator':''}
World Bank - 79 - PEFA_GRPFM;http://api.worldbank.org/v2/source/79/indicator?per_page=22000;{'dataset_entity_path': 'wb:indicators,[list]wb:indicator', 'dataset_info_location': {'dataset_id': '[attrib]id', 'dataset_name': 'wb:name,[text]', 'dataset_description': 'wb:sourceNote,[text]'}};{'filter_url':'https://api.worldbank.org/v2/country/all?source=79&per_page=22000','filter_id':{'path':'','parse':'cntr'},'filter_desc':{'name':{'path':'','parse':'Country'},'values':{'path':'wb:countries,[list]wb:country','parse':{'value_id':'[attrib]id','value_description':'wb:name,[text]'}}},'filter_seperator':''}
World Bank - 80 - Gender Disaggregated Labor Database (GDLD);http://api.worldbank.org/v2/source/80/indicator?per_page=22000;{'dataset_entity_path': 'wb:indicators,[list]wb:indicator', 'dataset_info_location': {'dataset_id': '[attrib]id', 'dataset_name': 'wb:name,[text]', 'dataset_description': 'wb:sourceNote,[text]'}};{'filter_url':'https://api.worldbank.org/v2/country/all?source=80&per_page=22000','filter_id':{'path':'','parse':'cntr'},'filter_desc':{'name':{'path':'','parse':'Country'},'values':{'path':'wb:countries,[list]wb:country','parse':{'value_id':'[attrib]id','value_description':'wb:name,[text]'}}},'filter_seperator':''}
World Bank - 81 -  International Debt Statistics: DSSI;http://api.worldbank.org/v2/source/81/indicator?per_page=22000;{'dataset_entity_path': 'wb:indicators,[list]wb:indicator', 'dataset_info_location': {'dataset_id': '[attrib]id', 'dataset_name': 'wb:name,[text]', 'dataset_description': 'wb:sourceNote,[text]'}};{'filter_url':'https://api.worldbank.org/v2/country/all?source=81&per_page=22000','filter_id':{'path':'','parse':'cntr'},'filter_desc':{'name':{'path':'','parse':'Country'},'values':{'path':'wb:countries,[list]wb:country','parse':{'value_id':'[attrib]id','value_description':'wb:name,[text]'}}},'filter_seperator':''}
World Bank - 82 - Global Public Procurement;http://api.worldbank.org/v2/source/82/indicator?per_page=22000;{'dataset_entity_path': 'wb:indicators,[list]wb:indicator', 'dataset_info_location': {'dataset_id': '[attrib]id', 'dataset_name': 'wb:name,[text]', 'dataset_description': 'wb:sourceNote,[text]'}};{'filter_url':'https://api.worldbank.org/v2/country/all?source=82&per_page=22000','filter_id':{'path':'','parse':'cntr'},'filter_desc':{'name':{'path':'','parse':'Country'},'values':{'path':'wb:countries,[list]wb:country','parse':{'value_id':'[attrib]id','value_description':'wb:name,[text]'}}},'filter_seperator':''}
World Bank - 83 - Statistical Performance Indicators (SPI);http://api.worldbank.org/v2/source/83/indicator?per_page=22000;{'dataset_entity_path': 'wb:indicators,[list]wb:indicator', 'dataset_info_location': {'dataset_id': '[attrib]id', 'dataset_name': 'wb:name,[text]', 'dataset_description': 'wb:sourceNote,[text]'}};{'filter_url':'https://api.worldbank.org/v2/country/all?source=83&per_page=22000','filter_id':{'path':'','parse':'cntr'},'filter_desc':{'name':{'path':'','parse':'Country'},'values':{'path':'wb:countries,[list]wb:country','parse':{'value_id':'[attrib]id','value_description':'wb:name,[text]'}}},'filter_seperator':''}
World Bank - 84 - Education Policy;http://api.worldbank.org/v2/source/84/indicator?per_page=22000;{'dataset_entity_path': 'wb:indicators,[list]wb:indicator', 'dataset_info_location': {'dataset_id': '[attrib]id', 'dataset_name': 'wb:name,[text]', 'dataset_description': 'wb:sourceNote,[text]'}};{'filter_url':'https://api.worldbank.org/v2/country/all?source=84&per_page=22000','filter_id':{'path':'','parse':'cntr'},'filter_desc':{'name':{'path':'','parse':'Country'},'values':{'path':'wb:countries,[list]wb:country','parse':{'value_id':'[attrib]id','value_description':'wb:name,[text]'}}},'filter_seperator':''}
World Bank - 85 - PEFA_2021_SNG;http://api.worldbank.org/v2/source/85/indicator?per_page=22000;{'dataset_entity_path': 'wb:indicators,[list]wb:indicator', 'dataset_info_location': {'dataset_id': '[attrib]id', 'dataset_name': 'wb:name,[text]', 'dataset_description': 'wb:sourceNote,[text]'}};{'filter_url':'https://api.worldbank.org/v2/country/all?source=85&per_page=22000','filter_id':{'path':'','parse':'cntr'},'filter_desc':{'name':{'path':'','parse':'Country'},'values':{'path':'wb:countries,[list]wb:country','parse':{'value_id':'[attrib]id','value_description':'wb:name,[text]'}}},'filter_seperator':''}
World Bank - 86 - Global Jobs Indicators Database (JOIN);http://api.worldbank.org/v2/source/86/indicator?per_page=22000;{'dataset_entity_path': 'wb:indicators,[list]wb:indicator', 'dataset_info_location': {'dataset_id': '[attrib]id', 'dataset_name': 'wb:name,[text]', 'dataset_description': 'wb:sourceNote,[text]'}};{'filter_url':'https://api.worldbank.org/v2/country/all?source=86&per_page=22000','filter_id':{'path':'','parse':'cntr'},'filter_desc':{'name':{'path':'','parse':'Country'},'values':{'path':'wb:countries,[list]wb:country','parse':{'value_id':'[attrib]id','value_description':'wb:name,[text]'}}},'filter_seperator':''}
World Bank - 87 - Country Climate and Development Report (CCDR);http://api.worldbank.org/v2/source/87/indicator?per_page=22000;{'dataset_entity_path': 'wb:indicators,[list]wb:indicator', 'dataset_info_location': {'dataset_id': '[attrib]id', 'dataset_name': 'wb:name,[text]', 'dataset_description': 'wb:sourceNote,[text]'}};{'filter_url':'https://api.worldbank.org/v2/country/all?source=87&per_page=22000','filter_id':{'path':'','parse':'cntr'},'filter_desc':{'name':{'path':'','parse':'Country'},'values':{'path':'wb:countries,[list]wb:country','parse':{'value_id':'[attrib]id','value_description':'wb:name,[text]'}}},'filter_seperator':''}
World Bank - 88 - Food Prices for Nutrition;http://api.worldbank.org/v2/source/88/indicator?per_page=22000;{'dataset_entity_path': 'wb:indicators,[list]wb:indicator', 'dataset_info_location': {'dataset_id': '[attrib]id', 'dataset_name': 'wb:name,[text]', 'dataset_description': 'wb:sourceNote,[text]'}};{'filter_url':'https://api.worldbank.org/v2/country/all?source=88&per_page=22000','filter_id':{'path':'','parse':'cntr'},'filter_desc':{'name':{'path':'','parse':'Country'},'values':{'path':'wb:countries,[list]wb:country','parse':{'value_id':'[attrib]id','value_description':'wb:name,[text]'}}},'filter_seperator':''}
OECD;https://stats.oecd.org/restsdmx/sdmx.ashx/GetKeyFamily/ALL/ALL;{'dataset_entity_path': 'message:Structure,message:KeyFamilies,[list]KeyFamily', 'dataset_info_location': {'dataset_id': '[attrib]id', 'dataset_name': '[filter]Name>attrib>xml:lang>en,[text]', 'dataset_description': ''}};{'filter_url':'https://stats.oecd.org/restsdmx/sdmx.ashx/GetDataStructure/%s/ALL','filter_id':{'path':'message:Structure,message:KeyFamilies,Components,[list]Dimension','parse':'[attrib]codelist'},'filter_desc':{'name':{'path':'message:Structure,message:CodeLists','parse':'[filter]CodeList>attrib>id>%s,[filter]Name>attrib>xml:lang>en,[text]'},'values':{'path':'message:Structure,message:CodeLists,[filter]CodeList>attrib>id>%s,[list]Code','parse':{'value_id':'[attrib]value','value_description':'[filter]Description>attrib>xml:lang>en,[text]'}}},'filter_seperator':'.'}
IMF;http://dataservices.imf.org/REST/SDMX_XML.svc/Dataflow;{'dataset_entity_path': 'Structure,Dataflows,[list]Dataflow', 'dataset_info_location': {'dataset_id': 'KeyFamilyRef,KeyFamilyID,[text]', 'dataset_name': 'Name,[text]', 'dataset_description': ''}};{'filter_url':'http://dataservices.imf.org/REST/SDMX_XML.svc/DataStructure/%s','filter_id':{'path':'Structure,KeyFamilies,Components,[list]Dimension','parse':'[attrib]codelist'},'filter_desc':{'name':{'path':'Structure,CodeLists','parse':'[filter]CodeList>attrib>id>%s,[filter]Name>attrib>xml:lang>en,[text]'},'values':{'path':'Structure,CodeLists,[filter]CodeList>attrib>id>%s,[list]Code','parse':{'value_id':'[attrib]value','value_description':'[filter]Description>attrib>xml:lang>en,[text]'}}},'filter_seperator':'.'}
